--
-- Script was generated by Devart dbForge Studio 2019 for MySQL, Version 8.2.23.0
-- Product home page: http://www.devart.com/dbforge/mysql/studio
-- Script date 4/5/2023 10:22:59 AM
-- Server version: 5.5.5-10.4.27-MariaDB
-- Client version: 4.1
--

-- 
-- Disable foreign keys
-- 
/*!40014 SET @OLD_FOREIGN_KEY_CHECKS=@@FOREIGN_KEY_CHECKS, FOREIGN_KEY_CHECKS=0 */;

-- 
-- Set SQL mode
-- 
/*!40101 SET @OLD_SQL_MODE=@@SQL_MODE, SQL_MODE='NO_AUTO_VALUE_ON_ZERO' */;

-- 
-- Set character set the client will use to send SQL statements to the server
--
SET NAMES 'utf8';

--
-- Set default database
--
USE irent;

--
-- Drop table `client`
--
DROP TABLE IF EXISTS client;

--
-- Drop table `kota`
--
DROP TABLE IF EXISTS kota;

--
-- Drop table `list_value`
--
DROP TABLE IF EXISTS list_value;

--
-- Drop table `mst_menu`
--
DROP TABLE IF EXISTS mst_menu;

--
-- Drop table `mst_submenu`
--
DROP TABLE IF EXISTS mst_submenu;

--
-- Drop table `role_group`
--
DROP TABLE IF EXISTS role_group;

--
-- Drop table `user`
--
DROP TABLE IF EXISTS user;

--
-- Drop table `user_access_menu`
--
DROP TABLE IF EXISTS user_access_menu;

--
-- Set default database
--
USE irent;

--
-- Create table `user_access_menu`
--
CREATE TABLE user_access_menu (
  id int(11) NOT NULL AUTO_INCREMENT,
  user_id int(11) DEFAULT NULL,
  menu_id int(11) DEFAULT NULL,
  submenu_id int(11) DEFAULT NULL,
  flag_view tinyint(1) DEFAULT NULL,
  flag_add tinyint(1) DEFAULT NULL,
  flag_update tinyint(1) DEFAULT NULL,
  flag_delete tinyint(1) DEFAULT NULL,
  flag_control tinyint(1) DEFAULT NULL,
  PRIMARY KEY (id)
)
ENGINE = INNODB,
AUTO_INCREMENT = 9,
AVG_ROW_LENGTH = 8192,
CHARACTER SET utf8mb4,
COLLATE utf8mb4_general_ci;

--
-- Create table `user`
--
CREATE TABLE user (
  id int(11) NOT NULL AUTO_INCREMENT,
  nama varchar(255) DEFAULT NULL,
  telp varchar(255) DEFAULT NULL,
  alamat varchar(255) DEFAULT NULL,
  clientID int(11) DEFAULT NULL,
  username varchar(100) DEFAULT NULL,
  password text DEFAULT NULL,
  roleID int(11) DEFAULT NULL,
  active tinyint(4) DEFAULT NULL,
  userAdded int(11) DEFAULT NULL,
  dateAdded datetime DEFAULT NULL,
  userUpdated int(11) DEFAULT NULL,
  dateUpdated datetime DEFAULT NULL,
  PRIMARY KEY (id)
)
ENGINE = INNODB,
AUTO_INCREMENT = 3,
AVG_ROW_LENGTH = 16384,
CHARACTER SET utf8mb4,
COLLATE utf8mb4_general_ci;

--
-- Create table `role_group`
--
CREATE TABLE role_group (
  id int(11) NOT NULL AUTO_INCREMENT,
  role varchar(100) DEFAULT NULL,
  active tinyint(4) DEFAULT NULL,
  PRIMARY KEY (id)
)
ENGINE = INNODB,
AUTO_INCREMENT = 4,
AVG_ROW_LENGTH = 8192,
CHARACTER SET utf8mb4,
COLLATE utf8mb4_general_ci;

--
-- Create table `mst_submenu`
--
CREATE TABLE mst_submenu (
  id int(11) NOT NULL AUTO_INCREMENT,
  menu_id int(11) DEFAULT NULL,
  submenu varchar(50) DEFAULT NULL,
  icon varchar(100) DEFAULT NULL,
  link varchar(100) DEFAULT NULL,
  accessType varchar(255) DEFAULT NULL,
  active tinyint(1) DEFAULT NULL,
  PRIMARY KEY (id)
)
ENGINE = INNODB,
AUTO_INCREMENT = 5,
AVG_ROW_LENGTH = 5461,
CHARACTER SET utf8mb4,
COLLATE utf8mb4_general_ci;

--
-- Create table `mst_menu`
--
CREATE TABLE mst_menu (
  id int(11) NOT NULL AUTO_INCREMENT,
  menu varchar(50) DEFAULT NULL,
  PRIMARY KEY (id)
)
ENGINE = INNODB,
AUTO_INCREMENT = 5,
AVG_ROW_LENGTH = 4096,
CHARACTER SET utf8mb4,
COLLATE utf8mb4_general_ci;

--
-- Create table `list_value`
--
CREATE TABLE list_value (
  id int(11) NOT NULL AUTO_INCREMENT,
  description varchar(255) DEFAULT NULL,
  value varchar(255) DEFAULT NULL,
  active tinyint(4) DEFAULT NULL,
  PRIMARY KEY (id)
)
ENGINE = INNODB,
CHARACTER SET utf8mb4,
COLLATE utf8mb4_general_ci;

--
-- Create table `kota`
--
CREATE TABLE kota (
  id int(11) NOT NULL AUTO_INCREMENT,
  provinsi varchar(255) DEFAULT NULL,
  kota varchar(255) DEFAULT NULL,
  flag varchar(255) DEFAULT NULL,
  PRIMARY KEY (id)
)
ENGINE = INNODB,
AUTO_INCREMENT = 502,
AVG_ROW_LENGTH = 130,
CHARACTER SET utf8mb4,
COLLATE utf8mb4_general_ci;

--
-- Create table `client`
--
CREATE TABLE client (
  id int(11) NOT NULL AUTO_INCREMENT,
  nama varchar(255) DEFAULT NULL,
  kota varchar(255) DEFAULT NULL,
  provinsi varchar(255) DEFAULT NULL,
  active tinyint(4) DEFAULT NULL,
  valid_until datetime DEFAULT NULL,
  userAdded int(11) DEFAULT NULL,
  dateAdded datetime DEFAULT NULL,
  userUpdate int(11) DEFAULT NULL,
  dateUpdated datetime DEFAULT NULL,
  PRIMARY KEY (id)
)
ENGINE = INNODB,
AUTO_INCREMENT = 6,
AVG_ROW_LENGTH = 4096,
CHARACTER SET utf8mb4,
COLLATE utf8mb4_general_ci;

-- 
-- Dumping data for table user_access_menu
--
INSERT INTO user_access_menu VALUES
(1, 1, 1, 1, 1, 0, 0, 0, 1),
(2, 1, 1, 2, 1, 1, 1, 1, 1),
(3, 1, 1, 3, 1, 1, 1, 1, 1),
(4, 1, 1, 4, 1, 1, 1, 1, 1),
(5, 2, 1, 1, 1, 0, 0, 0, 0),
(6, 2, 1, 2, 1, 0, 0, 0, 0),
(7, 2, 1, 3, 1, 0, 0, 0, 0),
(8, 2, 1, 4, 1, 0, 0, 0, 0);

-- 
-- Dumping data for table user
--
INSERT INTO user VALUES
(1, 'Welhan Susanto', '081296023051', 'Komplek Teluk Indah Blok S, No. 11, Teluk Gong, Jakarta Utara', 1, 'cwh', '$2y$10$SmR9NHDCfq42iBqHKTEWyeYH61.RWRO/tDPwvQIP4UVI.MhteoNje', 1, 1, 1, '2023-03-20 15:27:45', NULL, NULL),
(2, 'Fikri', '081212465736', 'Kemanggisan', 1, 'fktrn', '$2y$10$e9xI1KSjhWFNJ8RCBiKveOKboS8KynHcVeQwDXkaMU7JKFRPZ3/dy', 1, 1, 1, '2023-04-04 07:03:22', 1, '2023-04-04 11:36:20');

-- 
-- Dumping data for table role_group
--
INSERT INTO role_group VALUES
(1, 'Super Admin', 1),
(2, 'Admin', 1),
(3, 'User', 1);

-- 
-- Dumping data for table mst_submenu
--
INSERT INTO mst_submenu VALUES
(1, 1, 'Dashboard', 'fas fa-fw fa-tachometer-alt', '/', 'Client', 1),
(2, 1, 'Client', 'fas fa-fw fa-users', '/client', NULL, 1),
(3, 1, 'User', 'fas fa-fw fa-user', '/user', 'Client', 1),
(4, 1, 'Prov. Kota', 'fas fa-fw fa-user', '/provinsi', NULL, 1);

-- 
-- Dumping data for table mst_menu
--
INSERT INTO mst_menu VALUES
(1, 'Admin'),
(2, 'Data'),
(3, 'Transaction'),
(4, 'Reports');

-- 
-- Dumping data for table list_value
--
-- Table irent.list_value does not contain any data (it is empty)

-- 
-- Dumping data for table kota
--
INSERT INTO kota VALUES
(1, 'Nanggroe Aceh Darussalam (NAD)', 'Kabupaten Aceh Barat', 'API'),
(2, 'Nanggroe Aceh Darussalam (NAD)', 'Kabupaten Aceh Barat Daya', 'API'),
(3, 'Nanggroe Aceh Darussalam (NAD)', 'Kabupaten Aceh Besar', 'API'),
(4, 'Nanggroe Aceh Darussalam (NAD)', 'Kabupaten Aceh Jaya', 'API'),
(5, 'Nanggroe Aceh Darussalam (NAD)', 'Kabupaten Aceh Selatan', 'API'),
(6, 'Nanggroe Aceh Darussalam (NAD)', 'Kabupaten Aceh Singkil', 'API'),
(7, 'Nanggroe Aceh Darussalam (NAD)', 'Kabupaten Aceh Tamiang', 'API'),
(8, 'Nanggroe Aceh Darussalam (NAD)', 'Kabupaten Aceh Tengah', 'API'),
(9, 'Nanggroe Aceh Darussalam (NAD)', 'Kabupaten Aceh Tenggara', 'API'),
(10, 'Nanggroe Aceh Darussalam (NAD)', 'Kabupaten Aceh Timur', 'API'),
(11, 'Nanggroe Aceh Darussalam (NAD)', 'Kabupaten Aceh Utara', 'API'),
(12, 'Sumatera Barat', 'Kabupaten Agam', 'API'),
(13, 'Nusa Tenggara Timur (NTT)', 'Kabupaten Alor', 'API'),
(14, 'Maluku', 'Kota Ambon', 'API'),
(15, 'Sumatera Utara', 'Kabupaten Asahan', 'API'),
(16, 'Papua', 'Kabupaten Asmat', 'API'),
(17, 'Bali', 'Kabupaten Badung', 'API'),
(18, 'Kalimantan Selatan', 'Kabupaten Balangan', 'API'),
(19, 'Kalimantan Timur', 'Kota Balikpapan', 'API'),
(20, 'Nanggroe Aceh Darussalam (NAD)', 'Kota Banda Aceh', 'API'),
(21, 'Lampung', 'Kota Bandar Lampung', 'API'),
(22, 'Jawa Barat', 'Kabupaten Bandung', 'API'),
(23, 'Jawa Barat', 'Kota Bandung', 'API'),
(24, 'Jawa Barat', 'Kabupaten Bandung Barat', 'API'),
(25, 'Sulawesi Tengah', 'Kabupaten Banggai', 'API'),
(26, 'Sulawesi Tengah', 'Kabupaten Banggai Kepulauan', 'API'),
(27, 'Bangka Belitung', 'Kabupaten Bangka', 'API'),
(28, 'Bangka Belitung', 'Kabupaten Bangka Barat', 'API'),
(29, 'Bangka Belitung', 'Kabupaten Bangka Selatan', 'API'),
(30, 'Bangka Belitung', 'Kabupaten Bangka Tengah', 'API'),
(31, 'Jawa Timur', 'Kabupaten Bangkalan', 'API'),
(32, 'Bali', 'Kabupaten Bangli', 'API'),
(33, 'Kalimantan Selatan', 'Kabupaten Banjar', 'API'),
(34, 'Jawa Barat', 'Kota Banjar', 'API'),
(35, 'Kalimantan Selatan', 'Kota Banjarbaru', 'API'),
(36, 'Kalimantan Selatan', 'Kota Banjarmasin', 'API'),
(37, 'Jawa Tengah', 'Kabupaten Banjarnegara', 'API'),
(38, 'Sulawesi Selatan', 'Kabupaten Bantaeng', 'API'),
(39, 'DI Yogyakarta', 'Kabupaten Bantul', 'API'),
(40, 'Sumatera Selatan', 'Kabupaten Banyuasin', 'API'),
(41, 'Jawa Tengah', 'Kabupaten Banyumas', 'API'),
(42, 'Jawa Timur', 'Kabupaten Banyuwangi', 'API'),
(43, 'Kalimantan Selatan', 'Kabupaten Barito Kuala', 'API'),
(44, 'Kalimantan Tengah', 'Kabupaten Barito Selatan', 'API'),
(45, 'Kalimantan Tengah', 'Kabupaten Barito Timur', 'API'),
(46, 'Kalimantan Tengah', 'Kabupaten Barito Utara', 'API'),
(47, 'Sulawesi Selatan', 'Kabupaten Barru', 'API'),
(48, 'Kepulauan Riau', 'Kota Batam', 'API'),
(49, 'Jawa Tengah', 'Kabupaten Batang', 'API'),
(50, 'Jambi', 'Kabupaten Batang Hari', 'API'),
(51, 'Jawa Timur', 'Kota Batu', 'API'),
(52, 'Sumatera Utara', 'Kabupaten Batu Bara', 'API'),
(53, 'Sulawesi Tenggara', 'Kota Bau-Bau', 'API'),
(54, 'Jawa Barat', 'Kabupaten Bekasi', 'API'),
(55, 'Jawa Barat', 'Kota Bekasi', 'API'),
(56, 'Bangka Belitung', 'Kabupaten Belitung', 'API'),
(57, 'Bangka Belitung', 'Kabupaten Belitung Timur', 'API'),
(58, 'Nusa Tenggara Timur (NTT)', 'Kabupaten Belu', 'API'),
(59, 'Nanggroe Aceh Darussalam (NAD)', 'Kabupaten Bener Meriah', 'API'),
(60, 'Riau', 'Kabupaten Bengkalis', 'API'),
(61, 'Kalimantan Barat', 'Kabupaten Bengkayang', 'API'),
(62, 'Bengkulu', 'Kota Bengkulu', 'API'),
(63, 'Bengkulu', 'Kabupaten Bengkulu Selatan', 'API'),
(64, 'Bengkulu', 'Kabupaten Bengkulu Tengah', 'API'),
(65, 'Bengkulu', 'Kabupaten Bengkulu Utara', 'API'),
(66, 'Kalimantan Timur', 'Kabupaten Berau', 'API'),
(67, 'Papua', 'Kabupaten Biak Numfor', 'API'),
(68, 'Nusa Tenggara Barat (NTB)', 'Kabupaten Bima', 'API'),
(69, 'Nusa Tenggara Barat (NTB)', 'Kota Bima', 'API'),
(70, 'Sumatera Utara', 'Kota Binjai', 'API'),
(71, 'Kepulauan Riau', 'Kabupaten Bintan', 'API'),
(72, 'Nanggroe Aceh Darussalam (NAD)', 'Kabupaten Bireuen', 'API'),
(73, 'Sulawesi Utara', 'Kota Bitung', 'API'),
(74, 'Jawa Timur', 'Kabupaten Blitar', 'API'),
(75, 'Jawa Timur', 'Kota Blitar', 'API'),
(76, 'Jawa Tengah', 'Kabupaten Blora', 'API'),
(77, 'Gorontalo', 'Kabupaten Boalemo', 'API'),
(78, 'Jawa Barat', 'Kabupaten Bogor', 'API'),
(79, 'Jawa Barat', 'Kota Bogor', 'API'),
(80, 'Jawa Timur', 'Kabupaten Bojonegoro', 'API'),
(81, 'Sulawesi Utara', 'Kabupaten Bolaang Mongondow (Bolmong)', 'API'),
(82, 'Sulawesi Utara', 'Kabupaten Bolaang Mongondow Selatan', 'API'),
(83, 'Sulawesi Utara', 'Kabupaten Bolaang Mongondow Timur', 'API'),
(84, 'Sulawesi Utara', 'Kabupaten Bolaang Mongondow Utara', 'API'),
(85, 'Sulawesi Tenggara', 'Kabupaten Bombana', 'API'),
(86, 'Jawa Timur', 'Kabupaten Bondowoso', 'API'),
(87, 'Sulawesi Selatan', 'Kabupaten Bone', 'API'),
(88, 'Gorontalo', 'Kabupaten Bone Bolango', 'API'),
(89, 'Kalimantan Timur', 'Kota Bontang', 'API'),
(90, 'Papua', 'Kabupaten Boven Digoel', 'API'),
(91, 'Jawa Tengah', 'Kabupaten Boyolali', 'API'),
(92, 'Jawa Tengah', 'Kabupaten Brebes', 'API'),
(93, 'Sumatera Barat', 'Kota Bukittinggi', 'API'),
(94, 'Bali', 'Kabupaten Buleleng', 'API'),
(95, 'Sulawesi Selatan', 'Kabupaten Bulukumba', 'API'),
(96, 'Kalimantan Utara', 'Kabupaten Bulungan (Bulongan)', 'API'),
(97, 'Jambi', 'Kabupaten Bungo', 'API'),
(98, 'Sulawesi Tengah', 'Kabupaten Buol', 'API'),
(99, 'Maluku', 'Kabupaten Buru', 'API'),
(100, 'Maluku', 'Kabupaten Buru Selatan', 'API'),
(101, 'Sulawesi Tenggara', 'Kabupaten Buton', 'API'),
(102, 'Sulawesi Tenggara', 'Kabupaten Buton Utara', 'API'),
(103, 'Jawa Barat', 'Kabupaten Ciamis', 'API'),
(104, 'Jawa Barat', 'Kabupaten Cianjur', 'API'),
(105, 'Jawa Tengah', 'Kabupaten Cilacap', 'API'),
(106, 'Banten', 'Kota Cilegon', 'API'),
(107, 'Jawa Barat', 'Kota Cimahi', 'API'),
(108, 'Jawa Barat', 'Kabupaten Cirebon', 'API'),
(109, 'Jawa Barat', 'Kota Cirebon', 'API'),
(110, 'Sumatera Utara', 'Kabupaten Dairi', 'API'),
(111, 'Papua', 'Kabupaten Deiyai (Deliyai)', 'API'),
(112, 'Sumatera Utara', 'Kabupaten Deli Serdang', 'API'),
(113, 'Jawa Tengah', 'Kabupaten Demak', 'API'),
(114, 'Bali', 'Kota Denpasar', 'API'),
(115, 'Jawa Barat', 'Kota Depok', 'API'),
(116, 'Sumatera Barat', 'Kabupaten Dharmasraya', 'API'),
(117, 'Papua', 'Kabupaten Dogiyai', 'API'),
(118, 'Nusa Tenggara Barat (NTB)', 'Kabupaten Dompu', 'API'),
(119, 'Sulawesi Tengah', 'Kabupaten Donggala', 'API'),
(120, 'Riau', 'Kota Dumai', 'API'),
(121, 'Sumatera Selatan', 'Kabupaten Empat Lawang', 'API'),
(122, 'Nusa Tenggara Timur (NTT)', 'Kabupaten Ende', 'API'),
(123, 'Sulawesi Selatan', 'Kabupaten Enrekang', 'API'),
(124, 'Papua Barat', 'Kabupaten Fakfak', 'API'),
(125, 'Nusa Tenggara Timur (NTT)', 'Kabupaten Flores Timur', 'API'),
(126, 'Jawa Barat', 'Kabupaten Garut', 'API'),
(127, 'Nanggroe Aceh Darussalam (NAD)', 'Kabupaten Gayo Lues', 'API'),
(128, 'Bali', 'Kabupaten Gianyar', 'API'),
(129, 'Gorontalo', 'Kabupaten Gorontalo', 'API'),
(130, 'Gorontalo', 'Kota Gorontalo', 'API'),
(131, 'Gorontalo', 'Kabupaten Gorontalo Utara', 'API'),
(132, 'Sulawesi Selatan', 'Kabupaten Gowa', 'API'),
(133, 'Jawa Timur', 'Kabupaten Gresik', 'API'),
(134, 'Jawa Tengah', 'Kabupaten Grobogan', 'API'),
(135, 'DI Yogyakarta', 'Kabupaten Gunung Kidul', 'API'),
(136, 'Kalimantan Tengah', 'Kabupaten Gunung Mas', 'API'),
(137, 'Sumatera Utara', 'Kota Gunungsitoli', 'API'),
(138, 'Maluku Utara', 'Kabupaten Halmahera Barat', 'API'),
(139, 'Maluku Utara', 'Kabupaten Halmahera Selatan', 'API'),
(140, 'Maluku Utara', 'Kabupaten Halmahera Tengah', 'API'),
(141, 'Maluku Utara', 'Kabupaten Halmahera Timur', 'API'),
(142, 'Maluku Utara', 'Kabupaten Halmahera Utara', 'API'),
(143, 'Kalimantan Selatan', 'Kabupaten Hulu Sungai Selatan', 'API'),
(144, 'Kalimantan Selatan', 'Kabupaten Hulu Sungai Tengah', 'API'),
(145, 'Kalimantan Selatan', 'Kabupaten Hulu Sungai Utara', 'API'),
(146, 'Sumatera Utara', 'Kabupaten Humbang Hasundutan', 'API'),
(147, 'Riau', 'Kabupaten Indragiri Hilir', 'API'),
(148, 'Riau', 'Kabupaten Indragiri Hulu', 'API'),
(149, 'Jawa Barat', 'Kabupaten Indramayu', 'API'),
(150, 'Papua', 'Kabupaten Intan Jaya', 'API'),
(151, 'DKI Jakarta', 'Kota Jakarta Barat', 'API'),
(152, 'DKI Jakarta', 'Kota Jakarta Pusat', 'API'),
(153, 'DKI Jakarta', 'Kota Jakarta Selatan', 'API'),
(154, 'DKI Jakarta', 'Kota Jakarta Timur', 'API'),
(155, 'DKI Jakarta', 'Kota Jakarta Utara', 'API'),
(156, 'Jambi', 'Kota Jambi', 'API'),
(157, 'Papua', 'Kabupaten Jayapura', 'API'),
(158, 'Papua', 'Kota Jayapura', 'API'),
(159, 'Papua', 'Kabupaten Jayawijaya', 'API'),
(160, 'Jawa Timur', 'Kabupaten Jember', 'API'),
(161, 'Bali', 'Kabupaten Jembrana', 'API'),
(162, 'Sulawesi Selatan', 'Kabupaten Jeneponto', 'API'),
(163, 'Jawa Tengah', 'Kabupaten Jepara', 'API'),
(164, 'Jawa Timur', 'Kabupaten Jombang', 'API'),
(165, 'Papua Barat', 'Kabupaten Kaimana', 'API'),
(166, 'Riau', 'Kabupaten Kampar', 'API'),
(167, 'Kalimantan Tengah', 'Kabupaten Kapuas', 'API'),
(168, 'Kalimantan Barat', 'Kabupaten Kapuas Hulu', 'API'),
(169, 'Jawa Tengah', 'Kabupaten Karanganyar', 'API'),
(170, 'Bali', 'Kabupaten Karangasem', 'API'),
(171, 'Jawa Barat', 'Kabupaten Karawang', 'API'),
(172, 'Kepulauan Riau', 'Kabupaten Karimun', 'API'),
(173, 'Sumatera Utara', 'Kabupaten Karo', 'API'),
(174, 'Kalimantan Tengah', 'Kabupaten Katingan', 'API'),
(175, 'Bengkulu', 'Kabupaten Kaur', 'API'),
(176, 'Kalimantan Barat', 'Kabupaten Kayong Utara', 'API'),
(177, 'Jawa Tengah', 'Kabupaten Kebumen', 'API'),
(178, 'Jawa Timur', 'Kabupaten Kediri', 'API'),
(179, 'Jawa Timur', 'Kota Kediri', 'API'),
(180, 'Papua', 'Kabupaten Keerom', 'API'),
(181, 'Jawa Tengah', 'Kabupaten Kendal', 'API'),
(182, 'Sulawesi Tenggara', 'Kota Kendari', 'API'),
(183, 'Bengkulu', 'Kabupaten Kepahiang', 'API'),
(184, 'Kepulauan Riau', 'Kabupaten Kepulauan Anambas', 'API'),
(185, 'Maluku', 'Kabupaten Kepulauan Aru', 'API'),
(186, 'Sumatera Barat', 'Kabupaten Kepulauan Mentawai', 'API'),
(187, 'Riau', 'Kabupaten Kepulauan Meranti', 'API'),
(188, 'Sulawesi Utara', 'Kabupaten Kepulauan Sangihe', 'API'),
(189, 'DKI Jakarta', 'Kabupaten Kepulauan Seribu', 'API'),
(190, 'Sulawesi Utara', 'Kabupaten Kepulauan Siau Tagulandang Biaro (Sitaro)', 'API'),
(191, 'Maluku Utara', 'Kabupaten Kepulauan Sula', 'API'),
(192, 'Sulawesi Utara', 'Kabupaten Kepulauan Talaud', 'API'),
(193, 'Papua', 'Kabupaten Kepulauan Yapen (Yapen Waropen)', 'API'),
(194, 'Jambi', 'Kabupaten Kerinci', 'API'),
(195, 'Kalimantan Barat', 'Kabupaten Ketapang', 'API'),
(196, 'Jawa Tengah', 'Kabupaten Klaten', 'API'),
(197, 'Bali', 'Kabupaten Klungkung', 'API'),
(198, 'Sulawesi Tenggara', 'Kabupaten Kolaka', 'API'),
(199, 'Sulawesi Tenggara', 'Kabupaten Kolaka Utara', 'API'),
(200, 'Sulawesi Tenggara', 'Kabupaten Konawe', 'API'),
(201, 'Sulawesi Tenggara', 'Kabupaten Konawe Selatan', 'API'),
(202, 'Sulawesi Tenggara', 'Kabupaten Konawe Utara', 'API'),
(203, 'Kalimantan Selatan', 'Kabupaten Kotabaru', 'API'),
(204, 'Sulawesi Utara', 'Kota Kotamobagu', 'API'),
(205, 'Kalimantan Tengah', 'Kabupaten Kotawaringin Barat', 'API'),
(206, 'Kalimantan Tengah', 'Kabupaten Kotawaringin Timur', 'API'),
(207, 'Riau', 'Kabupaten Kuantan Singingi', 'API'),
(208, 'Kalimantan Barat', 'Kabupaten Kubu Raya', 'API'),
(209, 'Jawa Tengah', 'Kabupaten Kudus', 'API'),
(210, 'DI Yogyakarta', 'Kabupaten Kulon Progo', 'API'),
(211, 'Jawa Barat', 'Kabupaten Kuningan', 'API'),
(212, 'Nusa Tenggara Timur (NTT)', 'Kabupaten Kupang', 'API'),
(213, 'Nusa Tenggara Timur (NTT)', 'Kota Kupang', 'API'),
(214, 'Kalimantan Timur', 'Kabupaten Kutai Barat', 'API'),
(215, 'Kalimantan Timur', 'Kabupaten Kutai Kartanegara', 'API'),
(216, 'Kalimantan Timur', 'Kabupaten Kutai Timur', 'API'),
(217, 'Sumatera Utara', 'Kabupaten Labuhan Batu', 'API'),
(218, 'Sumatera Utara', 'Kabupaten Labuhan Batu Selatan', 'API'),
(219, 'Sumatera Utara', 'Kabupaten Labuhan Batu Utara', 'API'),
(220, 'Sumatera Selatan', 'Kabupaten Lahat', 'API'),
(221, 'Kalimantan Tengah', 'Kabupaten Lamandau', 'API'),
(222, 'Jawa Timur', 'Kabupaten Lamongan', 'API'),
(223, 'Lampung', 'Kabupaten Lampung Barat', 'API'),
(224, 'Lampung', 'Kabupaten Lampung Selatan', 'API'),
(225, 'Lampung', 'Kabupaten Lampung Tengah', 'API'),
(226, 'Lampung', 'Kabupaten Lampung Timur', 'API'),
(227, 'Lampung', 'Kabupaten Lampung Utara', 'API'),
(228, 'Kalimantan Barat', 'Kabupaten Landak', 'API'),
(229, 'Sumatera Utara', 'Kabupaten Langkat', 'API'),
(230, 'Nanggroe Aceh Darussalam (NAD)', 'Kota Langsa', 'API'),
(231, 'Papua', 'Kabupaten Lanny Jaya', 'API'),
(232, 'Banten', 'Kabupaten Lebak', 'API'),
(233, 'Bengkulu', 'Kabupaten Lebong', 'API'),
(234, 'Nusa Tenggara Timur (NTT)', 'Kabupaten Lembata', 'API'),
(235, 'Nanggroe Aceh Darussalam (NAD)', 'Kota Lhokseumawe', 'API'),
(236, 'Sumatera Barat', 'Kabupaten Lima Puluh Koto/Kota', 'API'),
(237, 'Kepulauan Riau', 'Kabupaten Lingga', 'API'),
(238, 'Nusa Tenggara Barat (NTB)', 'Kabupaten Lombok Barat', 'API'),
(239, 'Nusa Tenggara Barat (NTB)', 'Kabupaten Lombok Tengah', 'API'),
(240, 'Nusa Tenggara Barat (NTB)', 'Kabupaten Lombok Timur', 'API'),
(241, 'Nusa Tenggara Barat (NTB)', 'Kabupaten Lombok Utara', 'API'),
(242, 'Sumatera Selatan', 'Kota Lubuk Linggau', 'API'),
(243, 'Jawa Timur', 'Kabupaten Lumajang', 'API'),
(244, 'Sulawesi Selatan', 'Kabupaten Luwu', 'API'),
(245, 'Sulawesi Selatan', 'Kabupaten Luwu Timur', 'API'),
(246, 'Sulawesi Selatan', 'Kabupaten Luwu Utara', 'API'),
(247, 'Jawa Timur', 'Kabupaten Madiun', 'API'),
(248, 'Jawa Timur', 'Kota Madiun', 'API'),
(249, 'Jawa Tengah', 'Kabupaten Magelang', 'API'),
(250, 'Jawa Tengah', 'Kota Magelang', 'API'),
(251, 'Jawa Timur', 'Kabupaten Magetan', 'API'),
(252, 'Jawa Barat', 'Kabupaten Majalengka', 'API'),
(253, 'Sulawesi Barat', 'Kabupaten Majene', 'API'),
(254, 'Sulawesi Selatan', 'Kota Makassar', 'API'),
(255, 'Jawa Timur', 'Kabupaten Malang', 'API'),
(256, 'Jawa Timur', 'Kota Malang', 'API'),
(257, 'Kalimantan Utara', 'Kabupaten Malinau', 'API'),
(258, 'Maluku', 'Kabupaten Maluku Barat Daya', 'API'),
(259, 'Maluku', 'Kabupaten Maluku Tengah', 'API'),
(260, 'Maluku', 'Kabupaten Maluku Tenggara', 'API'),
(261, 'Maluku', 'Kabupaten Maluku Tenggara Barat', 'API'),
(262, 'Sulawesi Barat', 'Kabupaten Mamasa', 'API'),
(263, 'Papua', 'Kabupaten Mamberamo Raya', 'API'),
(264, 'Papua', 'Kabupaten Mamberamo Tengah', 'API'),
(265, 'Sulawesi Barat', 'Kabupaten Mamuju', 'API'),
(266, 'Sulawesi Barat', 'Kabupaten Mamuju Utara', 'API'),
(267, 'Sulawesi Utara', 'Kota Manado', 'API'),
(268, 'Sumatera Utara', 'Kabupaten Mandailing Natal', 'API'),
(269, 'Nusa Tenggara Timur (NTT)', 'Kabupaten Manggarai', 'API'),
(270, 'Nusa Tenggara Timur (NTT)', 'Kabupaten Manggarai Barat', 'API'),
(271, 'Nusa Tenggara Timur (NTT)', 'Kabupaten Manggarai Timur', 'API'),
(272, 'Papua Barat', 'Kabupaten Manokwari', 'API'),
(273, 'Papua Barat', 'Kabupaten Manokwari Selatan', 'API'),
(274, 'Papua', 'Kabupaten Mappi', 'API'),
(275, 'Sulawesi Selatan', 'Kabupaten Maros', 'API'),
(276, 'Nusa Tenggara Barat (NTB)', 'Kota Mataram', 'API'),
(277, 'Papua Barat', 'Kabupaten Maybrat', 'API'),
(278, 'Sumatera Utara', 'Kota Medan', 'API'),
(279, 'Kalimantan Barat', 'Kabupaten Melawi', 'API'),
(280, 'Jambi', 'Kabupaten Merangin', 'API'),
(281, 'Papua', 'Kabupaten Merauke', 'API'),
(282, 'Lampung', 'Kabupaten Mesuji', 'API'),
(283, 'Lampung', 'Kota Metro', 'API'),
(284, 'Papua', 'Kabupaten Mimika', 'API'),
(285, 'Sulawesi Utara', 'Kabupaten Minahasa', 'API'),
(286, 'Sulawesi Utara', 'Kabupaten Minahasa Selatan', 'API'),
(287, 'Sulawesi Utara', 'Kabupaten Minahasa Tenggara', 'API'),
(288, 'Sulawesi Utara', 'Kabupaten Minahasa Utara', 'API'),
(289, 'Jawa Timur', 'Kabupaten Mojokerto', 'API'),
(290, 'Jawa Timur', 'Kota Mojokerto', 'API'),
(291, 'Sulawesi Tengah', 'Kabupaten Morowali', 'API'),
(292, 'Sumatera Selatan', 'Kabupaten Muara Enim', 'API'),
(293, 'Jambi', 'Kabupaten Muaro Jambi', 'API'),
(294, 'Bengkulu', 'Kabupaten Muko Muko', 'API'),
(295, 'Sulawesi Tenggara', 'Kabupaten Muna', 'API'),
(296, 'Kalimantan Tengah', 'Kabupaten Murung Raya', 'API'),
(297, 'Sumatera Selatan', 'Kabupaten Musi Banyuasin', 'API'),
(298, 'Sumatera Selatan', 'Kabupaten Musi Rawas', 'API'),
(299, 'Papua', 'Kabupaten Nabire', 'API'),
(300, 'Nanggroe Aceh Darussalam (NAD)', 'Kabupaten Nagan Raya', 'API'),
(301, 'Nusa Tenggara Timur (NTT)', 'Kabupaten Nagekeo', 'API'),
(302, 'Kepulauan Riau', 'Kabupaten Natuna', 'API'),
(303, 'Papua', 'Kabupaten Nduga', 'API'),
(304, 'Nusa Tenggara Timur (NTT)', 'Kabupaten Ngada', 'API'),
(305, 'Jawa Timur', 'Kabupaten Nganjuk', 'API'),
(306, 'Jawa Timur', 'Kabupaten Ngawi', 'API'),
(307, 'Sumatera Utara', 'Kabupaten Nias', 'API'),
(308, 'Sumatera Utara', 'Kabupaten Nias Barat', 'API'),
(309, 'Sumatera Utara', 'Kabupaten Nias Selatan', 'API'),
(310, 'Sumatera Utara', 'Kabupaten Nias Utara', 'API'),
(311, 'Kalimantan Utara', 'Kabupaten Nunukan', 'API'),
(312, 'Sumatera Selatan', 'Kabupaten Ogan Ilir', 'API'),
(313, 'Sumatera Selatan', 'Kabupaten Ogan Komering Ilir', 'API'),
(314, 'Sumatera Selatan', 'Kabupaten Ogan Komering Ulu', 'API'),
(315, 'Sumatera Selatan', 'Kabupaten Ogan Komering Ulu Selatan', 'API'),
(316, 'Sumatera Selatan', 'Kabupaten Ogan Komering Ulu Timur', 'API'),
(317, 'Jawa Timur', 'Kabupaten Pacitan', 'API'),
(318, 'Sumatera Barat', 'Kota Padang', 'API'),
(319, 'Sumatera Utara', 'Kabupaten Padang Lawas', 'API'),
(320, 'Sumatera Utara', 'Kabupaten Padang Lawas Utara', 'API'),
(321, 'Sumatera Barat', 'Kota Padang Panjang', 'API'),
(322, 'Sumatera Barat', 'Kabupaten Padang Pariaman', 'API'),
(323, 'Sumatera Utara', 'Kota Padang Sidempuan', 'API'),
(324, 'Sumatera Selatan', 'Kota Pagar Alam', 'API'),
(325, 'Sumatera Utara', 'Kabupaten Pakpak Bharat', 'API'),
(326, 'Kalimantan Tengah', 'Kota Palangka Raya', 'API'),
(327, 'Sumatera Selatan', 'Kota Palembang', 'API'),
(328, 'Sulawesi Selatan', 'Kota Palopo', 'API'),
(329, 'Sulawesi Tengah', 'Kota Palu', 'API'),
(330, 'Jawa Timur', 'Kabupaten Pamekasan', 'API'),
(331, 'Banten', 'Kabupaten Pandeglang', 'API'),
(332, 'Jawa Barat', 'Kabupaten Pangandaran', 'API'),
(333, 'Sulawesi Selatan', 'Kabupaten Pangkajene Kepulauan', 'API'),
(334, 'Bangka Belitung', 'Kota Pangkal Pinang', 'API'),
(335, 'Papua', 'Kabupaten Paniai', 'API'),
(336, 'Sulawesi Selatan', 'Kota Parepare', 'API'),
(337, 'Sumatera Barat', 'Kota Pariaman', 'API'),
(338, 'Sulawesi Tengah', 'Kabupaten Parigi Moutong', 'API'),
(339, 'Sumatera Barat', 'Kabupaten Pasaman', 'API'),
(340, 'Sumatera Barat', 'Kabupaten Pasaman Barat', 'API'),
(341, 'Kalimantan Timur', 'Kabupaten Paser', 'API'),
(342, 'Jawa Timur', 'Kabupaten Pasuruan', 'API'),
(343, 'Jawa Timur', 'Kota Pasuruan', 'API'),
(344, 'Jawa Tengah', 'Kabupaten Pati', 'API'),
(345, 'Sumatera Barat', 'Kota Payakumbuh', 'API'),
(346, 'Papua Barat', 'Kabupaten Pegunungan Arfak', 'API'),
(347, 'Papua', 'Kabupaten Pegunungan Bintang', 'API'),
(348, 'Jawa Tengah', 'Kabupaten Pekalongan', 'API'),
(349, 'Jawa Tengah', 'Kota Pekalongan', 'API'),
(350, 'Riau', 'Kota Pekanbaru', 'API'),
(351, 'Riau', 'Kabupaten Pelalawan', 'API'),
(352, 'Jawa Tengah', 'Kabupaten Pemalang', 'API'),
(353, 'Sumatera Utara', 'Kota Pematang Siantar', 'API'),
(354, 'Kalimantan Timur', 'Kabupaten Penajam Paser Utara', 'API'),
(355, 'Lampung', 'Kabupaten Pesawaran', 'API'),
(356, 'Lampung', 'Kabupaten Pesisir Barat', 'API'),
(357, 'Sumatera Barat', 'Kabupaten Pesisir Selatan', 'API'),
(358, 'Nanggroe Aceh Darussalam (NAD)', 'Kabupaten Pidie', 'API'),
(359, 'Nanggroe Aceh Darussalam (NAD)', 'Kabupaten Pidie Jaya', 'API'),
(360, 'Sulawesi Selatan', 'Kabupaten Pinrang', 'API'),
(361, 'Gorontalo', 'Kabupaten Pohuwato', 'API'),
(362, 'Sulawesi Barat', 'Kabupaten Polewali Mandar', 'API'),
(363, 'Jawa Timur', 'Kabupaten Ponorogo', 'API'),
(364, 'Kalimantan Barat', 'Kabupaten Pontianak', 'API'),
(365, 'Kalimantan Barat', 'Kota Pontianak', 'API'),
(366, 'Sulawesi Tengah', 'Kabupaten Poso', 'API'),
(367, 'Sumatera Selatan', 'Kota Prabumulih', 'API'),
(368, 'Lampung', 'Kabupaten Pringsewu', 'API'),
(369, 'Jawa Timur', 'Kabupaten Probolinggo', 'API'),
(370, 'Jawa Timur', 'Kota Probolinggo', 'API'),
(371, 'Kalimantan Tengah', 'Kabupaten Pulang Pisau', 'API'),
(372, 'Maluku Utara', 'Kabupaten Pulau Morotai', 'API'),
(373, 'Papua', 'Kabupaten Puncak', 'API'),
(374, 'Papua', 'Kabupaten Puncak Jaya', 'API'),
(375, 'Jawa Tengah', 'Kabupaten Purbalingga', 'API'),
(376, 'Jawa Barat', 'Kabupaten Purwakarta', 'API'),
(377, 'Jawa Tengah', 'Kabupaten Purworejo', 'API'),
(378, 'Papua Barat', 'Kabupaten Raja Ampat', 'API'),
(379, 'Bengkulu', 'Kabupaten Rejang Lebong', 'API'),
(380, 'Jawa Tengah', 'Kabupaten Rembang', 'API'),
(381, 'Riau', 'Kabupaten Rokan Hilir', 'API'),
(382, 'Riau', 'Kabupaten Rokan Hulu', 'API'),
(383, 'Nusa Tenggara Timur (NTT)', 'Kabupaten Rote Ndao', 'API'),
(384, 'Nanggroe Aceh Darussalam (NAD)', 'Kota Sabang', 'API'),
(385, 'Nusa Tenggara Timur (NTT)', 'Kabupaten Sabu Raijua', 'API'),
(386, 'Jawa Tengah', 'Kota Salatiga', 'API'),
(387, 'Kalimantan Timur', 'Kota Samarinda', 'API'),
(388, 'Kalimantan Barat', 'Kabupaten Sambas', 'API'),
(389, 'Sumatera Utara', 'Kabupaten Samosir', 'API'),
(390, 'Jawa Timur', 'Kabupaten Sampang', 'API'),
(391, 'Kalimantan Barat', 'Kabupaten Sanggau', 'API'),
(392, 'Papua', 'Kabupaten Sarmi', 'API'),
(393, 'Jambi', 'Kabupaten Sarolangun', 'API'),
(394, 'Sumatera Barat', 'Kota Sawah Lunto', 'API'),
(395, 'Kalimantan Barat', 'Kabupaten Sekadau', 'API'),
(396, 'Sulawesi Selatan', 'Kabupaten Selayar (Kepulauan Selayar)', 'API'),
(397, 'Bengkulu', 'Kabupaten Seluma', 'API'),
(398, 'Jawa Tengah', 'Kabupaten Semarang', 'API'),
(399, 'Jawa Tengah', 'Kota Semarang', 'API'),
(400, 'Maluku', 'Kabupaten Seram Bagian Barat', 'API'),
(401, 'Maluku', 'Kabupaten Seram Bagian Timur', 'API'),
(402, 'Banten', 'Kabupaten Serang', 'API'),
(403, 'Banten', 'Kota Serang', 'API'),
(404, 'Sumatera Utara', 'Kabupaten Serdang Bedagai', 'API'),
(405, 'Kalimantan Tengah', 'Kabupaten Seruyan', 'API'),
(406, 'Riau', 'Kabupaten Siak', 'API'),
(407, 'Sumatera Utara', 'Kota Sibolga', 'API'),
(408, 'Sulawesi Selatan', 'Kabupaten Sidenreng Rappang/Rapang', 'API'),
(409, 'Jawa Timur', 'Kabupaten Sidoarjo', 'API'),
(410, 'Sulawesi Tengah', 'Kabupaten Sigi', 'API'),
(411, 'Sumatera Barat', 'Kabupaten Sijunjung (Sawah Lunto Sijunjung)', 'API'),
(412, 'Nusa Tenggara Timur (NTT)', 'Kabupaten Sikka', 'API'),
(413, 'Sumatera Utara', 'Kabupaten Simalungun', 'API'),
(414, 'Nanggroe Aceh Darussalam (NAD)', 'Kabupaten Simeulue', 'API'),
(415, 'Kalimantan Barat', 'Kota Singkawang', 'API'),
(416, 'Sulawesi Selatan', 'Kabupaten Sinjai', 'API'),
(417, 'Kalimantan Barat', 'Kabupaten Sintang', 'API'),
(418, 'Jawa Timur', 'Kabupaten Situbondo', 'API'),
(419, 'DI Yogyakarta', 'Kabupaten Sleman', 'API'),
(420, 'Sumatera Barat', 'Kabupaten Solok', 'API'),
(421, 'Sumatera Barat', 'Kota Solok', 'API'),
(422, 'Sumatera Barat', 'Kabupaten Solok Selatan', 'API'),
(423, 'Sulawesi Selatan', 'Kabupaten Soppeng', 'API'),
(424, 'Papua Barat', 'Kabupaten Sorong', 'API'),
(425, 'Papua Barat', 'Kota Sorong', 'API'),
(426, 'Papua Barat', 'Kabupaten Sorong Selatan', 'API'),
(427, 'Jawa Tengah', 'Kabupaten Sragen', 'API'),
(428, 'Jawa Barat', 'Kabupaten Subang', 'API'),
(429, 'Nanggroe Aceh Darussalam (NAD)', 'Kota Subulussalam', 'API'),
(430, 'Jawa Barat', 'Kabupaten Sukabumi', 'API'),
(431, 'Jawa Barat', 'Kota Sukabumi', 'API'),
(432, 'Kalimantan Tengah', 'Kabupaten Sukamara', 'API'),
(433, 'Jawa Tengah', 'Kabupaten Sukoharjo', 'API'),
(434, 'Nusa Tenggara Timur (NTT)', 'Kabupaten Sumba Barat', 'API'),
(435, 'Nusa Tenggara Timur (NTT)', 'Kabupaten Sumba Barat Daya', 'API'),
(436, 'Nusa Tenggara Timur (NTT)', 'Kabupaten Sumba Tengah', 'API'),
(437, 'Nusa Tenggara Timur (NTT)', 'Kabupaten Sumba Timur', 'API'),
(438, 'Nusa Tenggara Barat (NTB)', 'Kabupaten Sumbawa', 'API'),
(439, 'Nusa Tenggara Barat (NTB)', 'Kabupaten Sumbawa Barat', 'API'),
(440, 'Jawa Barat', 'Kabupaten Sumedang', 'API'),
(441, 'Jawa Timur', 'Kabupaten Sumenep', 'API'),
(442, 'Jambi', 'Kota Sungaipenuh', 'API'),
(443, 'Papua', 'Kabupaten Supiori', 'API'),
(444, 'Jawa Timur', 'Kota Surabaya', 'API'),
(445, 'Jawa Tengah', 'Kota Surakarta (Solo)', 'API'),
(446, 'Kalimantan Selatan', 'Kabupaten Tabalong', 'API'),
(447, 'Bali', 'Kabupaten Tabanan', 'API'),
(448, 'Sulawesi Selatan', 'Kabupaten Takalar', 'API'),
(449, 'Papua Barat', 'Kabupaten Tambrauw', 'API'),
(450, 'Kalimantan Utara', 'Kabupaten Tana Tidung', 'API'),
(451, 'Sulawesi Selatan', 'Kabupaten Tana Toraja', 'API'),
(452, 'Kalimantan Selatan', 'Kabupaten Tanah Bumbu', 'API'),
(453, 'Sumatera Barat', 'Kabupaten Tanah Datar', 'API'),
(454, 'Kalimantan Selatan', 'Kabupaten Tanah Laut', 'API'),
(455, 'Banten', 'Kabupaten Tangerang', 'API'),
(456, 'Banten', 'Kota Tangerang', 'API'),
(457, 'Banten', 'Kota Tangerang Selatan', 'API'),
(458, 'Lampung', 'Kabupaten Tanggamus', 'API'),
(459, 'Sumatera Utara', 'Kota Tanjung Balai', 'API'),
(460, 'Jambi', 'Kabupaten Tanjung Jabung Barat', 'API'),
(461, 'Jambi', 'Kabupaten Tanjung Jabung Timur', 'API'),
(462, 'Kepulauan Riau', 'Kota Tanjung Pinang', 'API'),
(463, 'Sumatera Utara', 'Kabupaten Tapanuli Selatan', 'API'),
(464, 'Sumatera Utara', 'Kabupaten Tapanuli Tengah', 'API'),
(465, 'Sumatera Utara', 'Kabupaten Tapanuli Utara', 'API'),
(466, 'Kalimantan Selatan', 'Kabupaten Tapin', 'API'),
(467, 'Kalimantan Utara', 'Kota Tarakan', 'API'),
(468, 'Jawa Barat', 'Kabupaten Tasikmalaya', 'API'),
(469, 'Jawa Barat', 'Kota Tasikmalaya', 'API'),
(470, 'Sumatera Utara', 'Kota Tebing Tinggi', 'API'),
(471, 'Jambi', 'Kabupaten Tebo', 'API'),
(472, 'Jawa Tengah', 'Kabupaten Tegal', 'API'),
(473, 'Jawa Tengah', 'Kota Tegal', 'API'),
(474, 'Papua Barat', 'Kabupaten Teluk Bintuni', 'API'),
(475, 'Papua Barat', 'Kabupaten Teluk Wondama', 'API'),
(476, 'Jawa Tengah', 'Kabupaten Temanggung', 'API'),
(477, 'Maluku Utara', 'Kota Ternate', 'API'),
(478, 'Maluku Utara', 'Kota Tidore Kepulauan', 'API'),
(479, 'Nusa Tenggara Timur (NTT)', 'Kabupaten Timor Tengah Selatan', 'API'),
(480, 'Nusa Tenggara Timur (NTT)', 'Kabupaten Timor Tengah Utara', 'API'),
(481, 'Sumatera Utara', 'Kabupaten Toba Samosir', 'API'),
(482, 'Sulawesi Tengah', 'Kabupaten Tojo Una-Una', 'API'),
(483, 'Sulawesi Tengah', 'Kabupaten Toli-Toli', 'API'),
(484, 'Papua', 'Kabupaten Tolikara', 'API'),
(485, 'Sulawesi Utara', 'Kota Tomohon', 'API'),
(486, 'Sulawesi Selatan', 'Kabupaten Toraja Utara', 'API'),
(487, 'Jawa Timur', 'Kabupaten Trenggalek', 'API'),
(488, 'Maluku', 'Kota Tual', 'API'),
(489, 'Jawa Timur', 'Kabupaten Tuban', 'API'),
(490, 'Lampung', 'Kabupaten Tulang Bawang', 'API'),
(491, 'Lampung', 'Kabupaten Tulang Bawang Barat', 'API'),
(492, 'Jawa Timur', 'Kabupaten Tulungagung', 'API'),
(493, 'Sulawesi Selatan', 'Kabupaten Wajo', 'API'),
(494, 'Sulawesi Tenggara', 'Kabupaten Wakatobi', 'API'),
(495, 'Papua', 'Kabupaten Waropen', 'API'),
(496, 'Lampung', 'Kabupaten Way Kanan', 'API'),
(497, 'Jawa Tengah', 'Kabupaten Wonogiri', 'API'),
(498, 'Jawa Tengah', 'Kabupaten Wonosobo', 'API'),
(499, 'Papua', 'Kabupaten Yahukimo', 'API'),
(500, 'Papua', 'Kabupaten Yalimo', 'API'),
(501, 'DI Yogyakarta', 'Kota Yogyakarta', 'API');

-- 
-- Dumping data for table client
--
INSERT INTO client VALUES
(1, 'LinkedRent', 'Kota Jakarta Utara', 'DKI Jakarta', 1, '2025-04-07 00:00:00', 1, '2023-03-23 15:21:20', 1, '2023-04-04 07:00:49'),
(2, 'NetRentCar', 'Kota Jakarta Selatan', 'DKI Jakarta', 1, '2024-04-01 00:00:00', 1, '2023-04-01 13:21:43', 1, '2023-04-04 07:01:05'),
(3, 'AutoNetRent Car', 'Kota Jakarta Selatan', 'DKI Jakarta', 1, '2023-04-17 00:00:00', 1, '2023-04-03 12:48:42', 1, '2023-04-04 07:01:23'),
(5, 'RenyCar', 'Kabupaten Bogor', 'Jawa Barat', 1, '2023-04-18 00:00:00', 1, '2023-04-04 05:43:23', 1, '2023-04-04 06:51:49');

-- 
-- Restore previous SQL mode
-- 
/*!40101 SET SQL_MODE=@OLD_SQL_MODE */;

-- 
-- Enable foreign keys
-- 
/*!40014 SET FOREIGN_KEY_CHECKS = @OLD_FOREIGN_KEY_CHECKS */;